﻿<?xml version="1.0" encoding="utf-8"?><meta xmlns:xsi="http://www.w3.org/2001/XMLSchema-instance" xmlns:xsd="http://www.w3.org/2001/XMLSchema"><project id="6cAWi7619j3" courseid="6IRdmSUNgli_course_id" thumburl="story_content/thumbnail.jpg" title="STORYLINE ARTICULATE PELESIR KELILING DUNIA" datepublished="2025-01-07T14:06:45" version="1.0.0.0" flashdata="story_content/data.swf" html5data="mobile/data.json" mobiledata="mobile/data.gz" enabledownload="false" duration="About 2 minutes" totalaudio="0" totalvideo="0"><description>Media Pembelajaran IPAS</description><keywords>IPAS, 6 Benua</keywords><slidemeta moniker="slide" monikerplural="slides" viewslides="29" slidecountdescription="29 slides" /><author name="Febi Nurul Khasanah" email="febinurul18@gmail.com" website="" /><application name="Articulate Storyline" version="3.10.22406.0" xmlversion="4.0" /></project></meta>